,x,y
0,-10.0,-85.80604138826436
1,-9.97997997997998,-69.8888196575644
2,-9.95995995995996,-68.66218239503169
3,-9.93993993993994,-65.53870825846619
4,-9.91991991991992,-83.00406543252628
5,-9.8998998998999,-69.45890989824844
6,-9.87987987987988,-60.148991427973655
7,-9.85985985985986,-103.70040623914204
8,-9.83983983983984,-42.34352381688394
9,-9.81981981981982,-57.47811009679068
10,-9.7997997997998,-87.6259598519014
11,-9.77977977977978,-80.58919417336675
12,-9.75975975975976,-72.38819991689672
13,-9.73973973973974,-100.8355003858934
14,-9.71971971971972,-76.47273919201315
15,-9.6996996996997,-114.13673219451448
16,-9.67967967967968,-63.56697528080494
17,-9.65965965965966,-71.53605753798166
18,-9.63963963963964,-80.31096546588421
19,-9.61961961961962,-71.6353251393216
20,-9.5995995995996,-105.86593922812882
21,-9.57957957957958,-99.09478616324931
22,-9.55955955955956,-65.50500537731729
23,-9.53953953953954,-90.05345660042738
24,-9.51951951951952,-108.60176816180146
25,-9.4994994994995,-80.93705276124409
26,-9.47947947947948,-103.2572359464707
27,-9.45945945945946,-96.13001263433372
28,-9.43943943943944,-85.78856742466243
29,-9.41941941941942,-108.75659330799533
30,-9.3993993993994,-98.97354872865824
31,-9.37937937937938,-103.71374428456369
32,-9.35935935935936,-90.32908693668479
33,-9.33933933933934,-87.76297985834636
34,-9.31931931931932,-80.25338229198374
35,-9.2992992992993,-69.2979356135778
36,-9.27927927927928,-79.97867643455858
37,-9.25925925925926,-67.52675357673682
38,-9.23923923923924,-97.35982412171893
39,-9.21921921921922,-92.32841819130368
40,-9.1991991991992,-82.4286744401426
41,-9.17917917917918,-84.6256682615054
42,-9.15915915915916,-85.13327013817245
43,-9.13913913913914,-84.53680802759139
44,-9.11911911911912,-82.20077120319446
45,-9.0990990990991,-93.57588645922877
46,-9.07907907907908,-66.06055180379528
47,-9.05905905905906,-76.16718241689368
48,-9.03903903903904,-49.00817728739749
49,-9.01901901901902,-64.32511377765769
50,-8.998998998999,-91.95219446280232
51,-8.97897897897898,-37.8728147094873
52,-8.95895895895896,-72.03780473368363
53,-8.93893893893894,-58.0870200264163
54,-8.91891891891892,-72.89239926552845
55,-8.8988988988989,-80.95855852897377
56,-8.87887887887888,-96.21098325560756
57,-8.85885885885886,-115.48727391794479
58,-8.83883883883884,-71.82960417876525
59,-8.81881881881882,-81.69346611813354
60,-8.7987987987988,-78.58991322352378
61,-8.77877877877878,-75.04822518124354
62,-8.75875875875876,-87.33053298600737
63,-8.73873873873874,-70.59036759410323
64,-8.71871871871872,-49.18510167055147
65,-8.6986986986987,-85.07779367852274
66,-8.67867867867868,-69.48482821311786
67,-8.65865865865866,-40.43925957568246
68,-8.63863863863864,-91.27765182309224
69,-8.618618618618619,-82.92791476176619
70,-8.598598598598599,-65.32222497506956
71,-8.578578578578579,-66.79186197246372
72,-8.558558558558559,-50.95010247061715
73,-8.538538538538539,-65.85905061004132
74,-8.518518518518519,-39.95883591078271
75,-8.498498498498499,-65.54090757846963
76,-8.478478478478479,-71.83363490485841
77,-8.458458458458459,-81.68474240342033
78,-8.438438438438439,-61.737327592507086
79,-8.418418418418419,-51.245765652861095
80,-8.398398398398399,-70.47107034603816
81,-8.378378378378379,-61.614999347177935
82,-8.358358358358359,-77.63642835162179
83,-8.338338338338339,-43.25189575215789
84,-8.318318318318319,-62.484159663404185
85,-8.298298298298299,-79.06701110639044
86,-8.278278278278279,-52.03146607725621
87,-8.258258258258259,-23.013700839426612
88,-8.238238238238239,-72.03275340046325
89,-8.218218218218219,-72.72223673763717
90,-8.198198198198199,-76.95108167860842
91,-8.178178178178179,-92.89480044249302
92,-8.158158158158159,-72.83868788458318
93,-8.138138138138139,-55.85451155489294
94,-8.118118118118119,-90.38945765121618
95,-8.098098098098099,-51.355646070653215
96,-8.078078078078079,-71.80616255344809
97,-8.058058058058059,-108.605503568132
98,-8.038038038038039,-89.59580609256956
99,-8.018018018018019,-67.47848599611318
100,-7.997997997997998,-79.36948915649081
101,-7.977977977977978,-46.24221477743512
102,-7.957957957957958,-57.640810562911476
103,-7.937937937937938,-74.08893074455337
104,-7.917917917917918,-54.60623274740067
105,-7.897897897897898,-40.72272943486716
106,-7.877877877877878,-87.3875389293553
107,-7.857857857857858,-75.88632790613953
108,-7.837837837837838,-68.75373809552255
109,-7.817817817817818,-80.1047788894301
110,-7.797797797797798,-36.46391867722649
111,-7.777777777777778,-49.981267018932215
112,-7.757757757757758,-64.99343580959996
113,-7.737737737737738,-71.22540923950649
114,-7.717717717717718,-56.5602251711027
115,-7.697697697697698,-64.54618308572229
116,-7.677677677677678,-45.01164143959985
117,-7.657657657657658,-90.0882943496631
118,-7.637637637637638,-60.523330303539204
119,-7.617617617617618,-72.4199673182868
120,-7.597597597597598,-66.3354278584415
121,-7.5775775775775776,-34.63665473160013
122,-7.5575575575575575,-58.17804915977395
123,-7.5375375375375375,-53.10196784108429
124,-7.5175175175175175,-79.59699850872428
125,-7.4974974974974975,-53.7458981635361
126,-7.4774774774774775,-63.74768646907794
127,-7.4574574574574575,-45.40712183012102
128,-7.4374374374374375,-38.99428822527789
129,-7.4174174174174174,-70.29571934692031
130,-7.397397397397397,-55.1639749948403
131,-7.377377377377377,-32.86904967758097
132,-7.357357357357357,-21.602134605525073
133,-7.337337337337337,-77.4090069014328
134,-7.317317317317317,-60.7207819575535
135,-7.297297297297297,-44.99953418775491
136,-7.277277277277277,-37.74699323403682
137,-7.257257257257257,-65.78051187844086
138,-7.237237237237237,-37.36209553157103
139,-7.217217217217217,-91.77069985775557
140,-7.197197197197197,-41.942182815281285
141,-7.177177177177177,-71.71019771740427
142,-7.157157157157157,-53.18047870292279
143,-7.137137137137137,-41.29717293041393
144,-7.117117117117117,-46.60894924695268
145,-7.097097097097097,-41.31409063874486
146,-7.077077077077077,-65.30430362279415
147,-7.057057057057057,-61.62604658869376
148,-7.037037037037037,-47.77129713419926
149,-7.017017017017017,-52.26445036223288
150,-6.996996996996997,-59.24289109113754
151,-6.976976976976977,-64.36207651665758
152,-6.956956956956957,-43.549904950729754
153,-6.936936936936937,-54.697682235384214
154,-6.916916916916917,-71.53610206565858
155,-6.896896896896897,-86.94218091488091
156,-6.876876876876877,-67.75867551772986
157,-6.856856856856857,-50.00023904653042
158,-6.836836836836837,-53.197371820800015
159,-6.816816816816817,-62.01857353174347
160,-6.796796796796797,-69.39277319005082
161,-6.776776776776776,-55.131500786039354
162,-6.756756756756756,-51.51774212886918
163,-6.736736736736736,-50.75602360779496
164,-6.716716716716716,-62.38703238406113
165,-6.696696696696696,-58.25328718104536
166,-6.676676676676676,-52.15188996864704
167,-6.656656656656656,-50.01679135733344
168,-6.636636636636636,-39.15415866315889
169,-6.616616616616616,-41.77575004995279
170,-6.596596596596596,-59.55902613395847
171,-6.576576576576576,-70.35677603480255
172,-6.556556556556556,-49.48242053728157
173,-6.536536536536536,-63.366287986743544
174,-6.516516516516516,-83.91995555165462
175,-6.496496496496496,-49.962987158237596
176,-6.476476476476476,-26.69809373313606
177,-6.456456456456456,-54.54236775683954
178,-6.436436436436436,-56.15170372656966
179,-6.416416416416416,-67.20469511785714
180,-6.396396396396396,-68.64969190844009
181,-6.376376376376376,-58.126432232594816
182,-6.356356356356356,-63.00443920835379
183,-6.336336336336336,-18.7116507808498
184,-6.316316316316316,-37.84832074213481
185,-6.296296296296296,-56.3142377150988
186,-6.276276276276276,-49.20106937961455
187,-6.256256256256256,-55.94606404577692
188,-6.236236236236236,-49.4611468405388
189,-6.216216216216216,-47.28889541498316
190,-6.196196196196196,-41.283360350370984
191,-6.176176176176176,-59.14035748034961
192,-6.156156156156156,-36.07659297671665
193,-6.136136136136136,-55.088641560280756
194,-6.116116116116116,-56.069290763289864
195,-6.096096096096096,-52.71119605739782
196,-6.076076076076076,-53.783026035173535
197,-6.056056056056056,-64.21097959607104
198,-6.036036036036036,-23.94748601874117
199,-6.016016016016016,-29.80541373115635
200,-5.995995995995996,-30.490462925574818
201,-5.975975975975976,-44.03886177514929
202,-5.955955955955956,-53.23631706114766
203,-5.935935935935936,-14.088432943161866
204,-5.915915915915916,-60.306897020573395
205,-5.895895895895896,-53.08722770785299
206,-5.875875875875876,-43.98463377243931
207,-5.8558558558558556,-34.33225174172516
208,-5.8358358358358355,-53.98552828700084
209,-5.8158158158158155,-41.61959561914164
210,-5.7957957957957955,-69.056678147719
211,-5.7757757757757755,-51.54504793456506
212,-5.7557557557557555,-49.42327433814678
213,-5.7357357357357355,-57.07761563453701
214,-5.7157157157157155,-51.63160617272067
215,-5.6956956956956954,-64.78890158305298
216,-5.675675675675675,-17.037893466633147
217,-5.655655655655655,-16.705270212050774
218,-5.635635635635635,-8.219623314238262
219,-5.615615615615615,-40.87435671777296
220,-5.595595595595595,-56.03033245040699
221,-5.575575575575575,-47.48939784948982
222,-5.555555555555555,-21.845235233719137
223,-5.535535535535535,-50.3556269361459
224,-5.515515515515515,-35.43338195739206
225,-5.495495495495495,-17.58235300017798
226,-5.475475475475475,-27.51864810700411
227,-5.455455455455455,-46.77252533511372
228,-5.435435435435435,-27.94535384591397
229,-5.415415415415415,-4.046361664181077
230,-5.395395395395395,-50.02057468148017
231,-5.375375375375375,-33.22352476271312
232,-5.355355355355355,-57.3086653847752
233,-5.335335335335335,-27.27067106127287
234,-5.315315315315315,-41.254687781015974
235,-5.295295295295295,-25.62825642593554
236,-5.275275275275275,-20.400578749807007
237,-5.255255255255255,-9.432439269979838
238,-5.235235235235235,-37.635520744146035
239,-5.215215215215215,-18.489405118363425
240,-5.195195195195195,-51.27562379140829
241,-5.175175175175175,-30.29717397518487
242,-5.155155155155155,-15.843265053821344
243,-5.135135135135135,-33.45577366210831
244,-5.115115115115115,-53.66527203097199
245,-5.095095095095095,-42.07315136888325
246,-5.075075075075075,-24.42070326652385
247,-5.055055055055055,-45.20386807133694
248,-5.035035035035035,-47.97744618558622
249,-5.015015015015015,-55.73238640351171
250,-4.994994994994995,-43.73425276941117
251,-4.974974974974975,-1.756511593377347
252,-4.954954954954955,-80.56153120940272
253,-4.934934934934935,-45.634429892086814
254,-4.914914914914915,-33.81708306052628
255,-4.894894894894895,-19.32766348644144
256,-4.874874874874875,-41.57822272092058
257,-4.854854854854855,-43.475608875652654
258,-4.834834834834835,-36.992726191776136
259,-4.814814814814815,-12.99481741264923
260,-4.794794794794795,-28.699720382887577
261,-4.774774774774775,-24.044320546523622
262,-4.754754754754755,-8.802223219691495
263,-4.734734734734735,-40.39607019860537
264,-4.714714714714715,-49.123548112268516
265,-4.694694694694695,-52.332319082908356
266,-4.674674674674675,-44.308721073344785
267,-4.654654654654655,-11.245800455786817
268,-4.634634634634635,-51.5549929235412
269,-4.614614614614615,-41.709762464320136
270,-4.594594594594595,-37.98908723827524
271,-4.574574574574575,-24.913044934611573
272,-4.554554554554555,-29.419354885391513
273,-4.534534534534535,-25.359797482883835
274,-4.514514514514515,-23.051995675704713
275,-4.494494494494495,-60.5043151226246
276,-4.474474474474475,-15.113333970884948
277,-4.454454454454455,-29.861613032779516
278,-4.434434434434435,-12.094053290709446
279,-4.414414414414415,-14.352824386374229
280,-4.394394394394395,-36.540259692645456
281,-4.374374374374375,-41.81612279775737
282,-4.354354354354355,-13.55065116575711
283,-4.334334334334335,-24.112825936852346
284,-4.314314314314315,-23.653006483765118
285,-4.2942942942942945,-41.643133687173055
286,-4.2742742742742745,-28.38690710137813
287,-4.2542542542542545,-20.82897767985739
288,-4.2342342342342345,-10.680598719610124
289,-4.2142142142142145,-35.89243753269001
290,-4.1941941941941945,-17.002489972146925
291,-4.1741741741741745,-43.579189587555405
292,-4.1541541541541545,-32.415621499201414
293,-4.134134134134134,-26.618477314298016
294,-4.114114114114114,2.3420408062176747
295,-4.094094094094094,-32.983426820049225
296,-4.074074074074074,-36.174923919079134
297,-4.054054054054054,-32.15329145266455
298,-4.034034034034034,-33.30806431415162
299,-4.014014014014014,-36.82865196359279
300,-3.9939939939939944,-28.156432726554996
301,-3.9739739739739743,-63.507195189240115
302,-3.9539539539539543,-36.356095189786004
303,-3.9339339339339343,-11.334698547050458
304,-3.9139139139139143,-44.85545219465706
305,-3.8938938938938943,-32.808754286670435
306,-3.8738738738738743,-23.40007386805281
307,-3.8538538538538543,-29.625980483917182
308,-3.8338338338338342,-14.986021319672762
309,-3.8138138138138142,-11.111040768542395
310,-3.7937937937937942,-58.269302681150535
311,-3.773773773773774,-9.31830394567398
312,-3.753753753753754,-13.630396666637893
313,-3.733733733733734,-15.381898781029289
314,-3.713713713713714,2.236855734622633
315,-3.693693693693694,-47.5864997722327
316,-3.673673673673674,-21.843876983040325
317,-3.653653653653654,-21.469336173024008
318,-3.633633633633634,-1.1172637344251832
319,-3.613613613613614,-24.175706975872753
320,-3.593593593593594,-14.448281843334934
321,-3.573573573573573,-31.883427940673478
322,-3.553553553553553,-29.36940143297571
323,-3.533533533533533,-22.00953224554629
324,-3.513513513513513,-46.12801748456036
325,-3.493493493493493,-29.742959257786246
326,-3.473473473473473,12.495571522438787
327,-3.453453453453453,-4.544152956133624
328,-3.433433433433433,-9.001547388552586
329,-3.413413413413413,-18.78528300911166
330,-3.393393393393393,-0.03474160136475035
331,-3.373373373373373,25.37993144616197
332,-3.353353353353353,-38.63538124121956
333,-3.333333333333333,-13.882555571834095
334,-3.313313313313313,-19.968699255913428
335,-3.293293293293293,-0.236029647802809
336,-3.273273273273273,-21.514991734858157
337,-3.253253253253253,-25.616081648330308
338,-3.233233233233233,-35.871949559431705
339,-3.213213213213213,-39.02459260524477
340,-3.193193193193193,-15.851204179920735
341,-3.173173173173173,-10.588269722589722
342,-3.153153153153153,-27.787829627852854
343,-3.133133133133133,-20.658897008400608
344,-3.113113113113113,-39.80845144120266
345,-3.093093093093093,0.7519724582472449
346,-3.073073073073073,-3.6872858403985234
347,-3.053053053053053,-33.180864887411644
348,-3.033033033033033,3.6218483314575387
349,-3.013013013013013,-24.047925770356095
350,-2.992992992992993,-14.428741692931984
351,-2.972972972972973,15.30275721810428
352,-2.952952952952953,-23.051379664018015
353,-2.932932932932933,-13.079422364375827
354,-2.9129129129129128,-16.27337328740168
355,-2.8928928928928928,-7.863576515841067
356,-2.8728728728728727,-35.87037167733365
357,-2.8528528528528527,7.452738372203999
358,-2.8328328328328327,-12.73563575002111
359,-2.8128128128128127,-42.42242692439136
360,-2.7927927927927927,-50.19210479151736
361,-2.7727727727727727,-33.612580341188945
362,-2.7527527527527527,-4.771219858720512
363,-2.7327327327327327,-7.6425779271960845
364,-2.7127127127127126,-26.129407094057278
365,-2.6926926926926926,-2.3039407748440794
366,-2.6726726726726726,-19.909834266085802
367,-2.6526526526526526,-19.160597735367084
368,-2.6326326326326326,19.25498877222878
369,-2.6126126126126126,7.235846128315892
370,-2.5925925925925926,8.930617102953818
371,-2.5725725725725725,-5.932384837212501
372,-2.5525525525525525,22.560648856237663
373,-2.5325325325325325,13.796211195296674
374,-2.5125125125125125,-12.011141614203796
375,-2.4924924924924925,15.833574885318253
376,-2.4724724724724725,-19.13125340037419
377,-2.4524524524524525,-23.313077418048483
378,-2.4324324324324325,10.080967257955969
379,-2.4124124124124124,-22.32140513627428
380,-2.3923923923923924,-17.629651094126032
381,-2.3723723723723724,3.5013143543483256
382,-2.3523523523523524,-8.679358565993228
383,-2.3323323323323324,-18.05962664580509
384,-2.3123123123123124,-5.41845640575003
385,-2.2922922922922924,33.596882685341505
386,-2.2722722722722724,-12.8225407973248
387,-2.2522522522522523,-11.34897085622884
388,-2.2322322322322323,7.605940977662655
389,-2.2122122122122123,0.2432511198922347
390,-2.1921921921921923,-8.263299777633133
391,-2.1721721721721723,-4.731254151135835
392,-2.1521521521521523,11.565186027753864
393,-2.1321321321321323,9.14618405773694
394,-2.1121121121121122,-13.819069344294201
395,-2.0920920920920922,2.143089389535687
396,-2.0720720720720722,16.82112343662185
397,-2.052052052052052,-4.343357030252502
398,-2.032032032032032,-8.61888499541811
399,-2.012012012012012,-19.225085100768005
400,-1.9919919919919913,7.347041708321079
401,-1.9719719719719713,17.294123804360005
402,-1.9519519519519513,-7.279825276681633
403,-1.9319319319319312,-0.16143985509996206
404,-1.9119119119119112,2.9730338031163255
405,-1.8918918918918912,-44.08636999147764
406,-1.8718718718718712,1.9523140740824436
407,-1.8518518518518512,-5.434552179789312
408,-1.8318318318318312,-10.969629327669681
409,-1.8118118118118112,-0.21791852029699088
410,-1.7917917917917912,10.832798304224907
411,-1.7717717717717711,-0.22819692700099825
412,-1.7517517517517511,1.997640022048703
413,-1.7317317317317311,-10.633384766725472
414,-1.711711711711711,-20.034663861538842
415,-1.691691691691691,2.9705175067323344
416,-1.671671671671671,-6.048270350802473
417,-1.651651651651651,3.999484764971986
418,-1.631631631631631,4.54547987180425
419,-1.611611611611611,-10.448421389133767
420,-1.591591591591591,-13.776269358387795
421,-1.571571571571571,3.3859690386190326
422,-1.551551551551551,-2.058167206081432
423,-1.531531531531531,4.4506535834924446
424,-1.511511511511511,-11.576297500221228
425,-1.491491491491491,5.536819886153045
426,-1.471471471471471,-5.851032622208875
427,-1.451451451451451,2.5294658511856367
428,-1.431431431431431,-21.333419596320713
429,-1.411411411411411,11.922219111575068
430,-1.391391391391391,10.497092089937002
431,-1.3713713713713709,-10.546270839586827
432,-1.3513513513513509,-3.1550732033997653
433,-1.3313313313313309,4.990836330068243
434,-1.3113113113113108,1.1394573257504694
435,-1.2912912912912908,17.999619638500604
436,-1.2712712712712708,-6.22850186513015
437,-1.2512512512512508,-1.6507042026687797
438,-1.2312312312312308,-24.302646567368008
439,-1.2112112112112108,9.934899606494502
440,-1.1911911911911908,-8.857177470193516
441,-1.1711711711711708,5.218625892704647
442,-1.1511511511511507,30.147811521957443
443,-1.1311311311311307,-0.7333763638970483
444,-1.1111111111111107,-18.372204864339825
445,-1.0910910910910907,19.304315092400074
446,-1.0710710710710707,17.394021889069
447,-1.0510510510510507,11.275572426841594
448,-1.0310310310310307,28.186839210766163
449,-1.0110110110110107,1.6175055772197378
450,-0.9909909909909906,6.807344776101979
451,-0.9709709709709706,11.743142085933163
452,-0.9509509509509506,9.27057054464648
453,-0.9309309309309306,17.898613576567925
454,-0.9109109109109106,-8.318876910514932
455,-0.8908908908908906,17.53820194665083
456,-0.8708708708708706,17.93823112807992
457,-0.8508508508508505,-20.59328815885511
458,-0.8308308308308305,-4.830911869058509
459,-0.8108108108108105,3.8758368389485467
460,-0.7907907907907905,-11.071359995473241
461,-0.7707707707707705,1.2687759754681407
462,-0.7507507507507505,-6.595058629298782
463,-0.7307307307307305,23.174031344727908
464,-0.7107107107107105,-17.017151690206532
465,-0.6906906906906904,1.3078184675602094
466,-0.6706706706706704,41.96133293013321
467,-0.6506506506506504,-1.3887117823501285
468,-0.6306306306306304,11.244640310869823
469,-0.6106106106106104,4.617616699779122
470,-0.5905905905905904,-2.82827227338805
471,-0.5705705705705704,6.775627460774233
472,-0.5505505505505504,10.501275899114138
473,-0.5305305305305303,-12.157651570164496
474,-0.5105105105105103,14.7959069519076
475,-0.4904904904904903,24.860889854399325
476,-0.4704704704704703,5.936457482346471
477,-0.4504504504504503,-4.325390148688971
478,-0.4304304304304303,18.592672021724557
479,-0.41041041041041026,-2.3022674472551774
480,-0.39039039039039025,3.0376736526520087
481,-0.37037037037037024,36.43999324874673
482,-0.3503503503503502,35.35657976112298
483,-0.3303303303303302,25.48228333347066
484,-0.3103103103103102,12.243665620229173
485,-0.2902902902902902,-4.278974382489775
486,-0.2702702702702702,4.62517210020294
487,-0.25025025025025016,34.51162158700875
488,-0.23023023023023015,-8.191769715435132
489,-0.21021021021021014,8.135647551425116
490,-0.19019019019019012,27.233555575863818
491,-0.1701701701701701,41.95924880995511
492,-0.1501501501501501,24.01798534001786
493,-0.13013013013013008,8.62192212827894
494,-0.11011011011011007,10.211168565740035
495,-0.09009009009009006,15.08660129169694
496,-0.07007007007007005,42.449886026040055
497,-0.05005005005005003,13.453019945896923
498,-0.03003003003003002,24.251521361697627
499,-0.010010010010010006,5.005318366069517
500,0.010010010010010006,16.359370390979876
501,0.03003003003003002,4.9068273137693375
502,0.05005005005005003,8.869193398743393
503,0.07007007007007005,44.86936359800245
504,0.09009009009009006,22.889476869571226
505,0.11011011011011007,32.99167178089168
506,0.13013013013013008,10.734480234453208
507,0.1501501501501501,48.034711249375704
508,0.1701701701701701,21.859755377947092
509,0.19019019019019012,10.351214648196185
510,0.21021021021021014,15.944303894541255
511,0.23023023023023015,-16.340781192937357
512,0.25025025025025016,-5.053890430386343
513,0.2702702702702702,18.421818903528063
514,0.2902902902902902,44.50887475193558
515,0.3103103103103102,13.79982466420016
516,0.3303303303303302,49.58416210512105
517,0.3503503503503502,32.37860287123922
518,0.37037037037037024,4.661719286347671
519,0.39039039039039025,54.89047463660711
520,0.41041041041041026,22.58958552540092
521,0.4304304304304303,11.834520527247442
522,0.4504504504504503,21.510770059528387
523,0.4704704704704703,-17.473922739892352
524,0.4904904904904903,34.12966235868828
525,0.5105105105105103,0.4441443440520274
526,0.5305305305305303,22.601692614053743
527,0.5505505505505504,24.39941044035337
528,0.5705705705705704,-6.399694387144873
529,0.5905905905905904,22.088012814160365
530,0.6106106106106104,19.67206149372471
531,0.6306306306306304,0.9697744544290785
532,0.6506506506506504,10.098316591765874
533,0.6706706706706704,49.04408911695246
534,0.6906906906906904,-1.6548349471821417
535,0.7107107107107105,7.352314832821273
536,0.7307307307307305,13.796675300312797
537,0.7507507507507505,32.34649833012746
538,0.7707707707707705,24.464614121932573
539,0.7907907907907905,33.29182882663503
540,0.8108108108108105,30.075794493743064
541,0.8308308308308305,-16.247171126577037
542,0.8508508508508505,29.997414176682256
543,0.8708708708708706,27.293718746683687
544,0.8908908908908906,18.162170592699624
545,0.9109109109109106,1.3026772742267916
546,0.9309309309309306,32.20841851819721
547,0.9509509509509506,1.821122905934864
548,0.9709709709709706,41.16717677099777
549,0.9909909909909906,-3.17987127843465
550,1.0110110110110107,13.815049254488013
551,1.0310310310310307,15.676942700273546
552,1.0510510510510507,24.211006182409207
553,1.0710710710710707,25.232525182517122
554,1.0910910910910907,12.429343605710296
555,1.1111111111111107,4.411689514676162
556,1.1311311311311307,9.747155209858828
557,1.1511511511511507,20.959020364737952
558,1.1711711711711708,43.89172085603485
559,1.1911911911911908,21.95562962908785
560,1.2112112112112108,25.16376010333453
561,1.2312312312312308,14.729003791164597
562,1.2512512512512508,38.50619437995287
563,1.2712712712712708,-9.49381727503274
564,1.2912912912912908,30.761406997634655
565,1.3113113113113108,15.600929457070547
566,1.3313313313313309,12.794303326401964
567,1.3513513513513509,31.015484712274947
568,1.3713713713713709,38.56641444805105
569,1.391391391391391,28.972587067025408
570,1.411411411411411,6.99118516807156
571,1.431431431431431,62.41128747328595
572,1.451451451451451,25.460226298818018
573,1.471471471471471,26.793021653215593
574,1.491491491491491,5.941331223522404
575,1.511511511511511,54.580594039359724
576,1.531531531531531,63.54333009193935
577,1.551551551551551,38.770716627561924
578,1.571571571571571,53.45092476520421
579,1.591591591591591,12.384209579275478
580,1.611611611611611,25.926659150272563
581,1.631631631631631,22.62580125279585
582,1.651651651651651,70.2120439923248
583,1.671671671671671,24.13219824380701
584,1.691691691691691,25.09857814457417
585,1.711711711711711,24.435699564340638
586,1.7317317317317311,42.05351104749147
587,1.7517517517517511,19.93196855236726
588,1.7717717717717711,37.02478540454784
589,1.7917917917917912,71.58675979428652
590,1.8118118118118112,34.69953236097277
591,1.8318318318318312,20.260723705826067
592,1.8518518518518512,30.965313748870898
593,1.8718718718718712,27.462719694113765
594,1.8918918918918912,37.37006392462132
595,1.9119119119119112,30.508034461126005
596,1.9319319319319312,31.16105341115444
597,1.9519519519519513,71.91957506758301
598,1.9719719719719713,23.229968965127213
599,1.9919919919919913,58.30161234191882
600,2.0120120120120113,19.235551984160534
601,2.0320320320320313,25.210367744992915
602,2.0520520520520513,50.732744183338326
603,2.0720720720720713,24.484332811190257
604,2.0920920920920913,35.981412932055434
605,2.1121121121121114,42.35483062495829
606,2.1321321321321314,40.50995680733706
607,2.1521521521521514,17.70877307778181
608,2.1721721721721714,31.17452410085207
609,2.1921921921921914,32.524705832382175
610,2.2122122122122114,48.77220239293102
611,2.2322322322322314,35.68363829580734
612,2.2522522522522515,13.1116808979756
613,2.2722722722722715,18.755306493958056
614,2.2922922922922915,21.765246477824782
615,2.3123123123123115,40.674482911754545
616,2.3323323323323315,56.99196630602219
617,2.3523523523523515,62.28221485712331
618,2.3723723723723715,48.10425528495842
619,2.3923923923923915,13.230275959802778
620,2.4124124124124116,73.48363640041441
621,2.4324324324324316,56.514779386175704
622,2.4524524524524516,17.759406096327755
623,2.4724724724724716,48.208481031133076
624,2.4924924924924916,61.964465747478876
625,2.5125125125125116,50.76818248956471
626,2.5325325325325316,50.16732767927409
627,2.5525525525525516,43.802757145012194
628,2.5725725725725717,65.00570425800169
629,2.5925925925925917,10.137783170894487
630,2.6126126126126117,64.81242615999034
631,2.6326326326326317,54.14747048779432
632,2.6526526526526517,59.67825763799468
633,2.6726726726726717,40.985596203464524
634,2.6926926926926917,52.20544133422162
635,2.7127127127127117,70.18303849243716
636,2.7327327327327318,39.95321671482503
637,2.7527527527527518,46.600858758183435
638,2.772772772772772,12.363768831807405
639,2.792792792792792,54.50903239706476
640,2.812812812812812,25.248983763144693
641,2.8328328328328336,28.194933507251413
642,2.8528528528528536,30.198279290551035
643,2.8728728728728736,83.5776660733408
644,2.8928928928928936,42.01176229124431
645,2.9129129129129137,30.207127522493224
646,2.9329329329329337,32.40596807415775
647,2.9529529529529537,43.595228925475105
648,2.9729729729729737,28.739717310395093
649,2.9929929929929937,80.14282700980762
650,3.0130130130130137,11.034462861216703
651,3.0330330330330337,50.40319798270587
652,3.0530530530530537,47.409939357211336
653,3.0730730730730738,48.980905625848
654,3.0930930930930938,68.55099245643035
655,3.113113113113114,52.78683490655186
656,3.133133133133134,40.53635916059247
657,3.153153153153154,61.16536154798814
658,3.173173173173174,61.28871348102881
659,3.193193193193194,65.11563891670006
660,3.213213213213214,40.55306325541681
661,3.233233233233234,47.64791243304462
662,3.253253253253254,63.649826366572285
663,3.273273273273274,65.70169885957066
664,3.293293293293294,53.38224814535233
665,3.313313313313314,41.47617516444918
666,3.333333333333334,65.35088527565107
667,3.353353353353354,77.35219096680396
668,3.373373373373374,46.10103758568087
669,3.393393393393394,65.99930782302482
670,3.413413413413414,24.69291831307834
671,3.433433433433434,74.37755328773272
672,3.453453453453454,58.643251414212685
673,3.473473473473474,51.82994383898337
674,3.493493493493494,41.4065405633154
675,3.513513513513514,46.44911573673589
676,3.533533533533534,57.740151791691446
677,3.553553553553554,56.697229621799835
678,3.573573573573574,50.517620135851786
679,3.593593593593594,65.93037794368242
680,3.613613613613614,80.61761333941331
681,3.633633633633634,64.88714875993429
682,3.653653653653654,49.17082129191709
683,3.673673673673674,49.85156527112993
684,3.693693693693694,30.684909911728845
685,3.713713713713714,28.780650297667435
686,3.733733733733734,70.748729071277
687,3.753753753753754,60.521864686832316
688,3.773773773773774,56.14646117728529
689,3.7937937937937942,29.93362031159737
690,3.8138138138138142,57.19244022909908
691,3.8338338338338342,43.80237245994174
692,3.8538538538538543,69.4898458727206
693,3.8738738738738743,61.724405168751844
694,3.8938938938938943,63.021881909429666
695,3.9139139139139143,36.941205387332346
696,3.9339339339339343,63.86903996149765
697,3.9539539539539543,75.00491360343472
698,3.9739739739739743,62.017913238444955
699,3.9939939939939944,48.024706738078955
700,4.014014014014014,61.39983009281935
701,4.034034034034034,60.89744178137231
702,4.054054054054054,51.042557985980345
703,4.074074074074074,71.87700801779908
704,4.094094094094094,57.03182700888977
705,4.114114114114114,64.9591254161881
706,4.134134134134134,39.25528416936161
707,4.1541541541541545,48.99671500568287
708,4.1741741741741745,79.58961436447362
709,4.1941941941941945,63.27809568834905
710,4.2142142142142145,68.34345640554055
711,4.2342342342342345,32.59090120075691
712,4.2542542542542545,44.079236290739004
713,4.2742742742742745,65.77231780316494
714,4.2942942942942945,30.153103413987157
715,4.314314314314315,70.81618541512515
716,4.334334334334335,49.596707412931515
717,4.354354354354355,51.68487065865697
718,4.374374374374375,52.69225628209665
719,4.394394394394395,62.92271188764482
720,4.414414414414415,48.83977570546467
721,4.434434434434435,64.30596024795643
722,4.454454454454455,57.781108101804215
723,4.474474474474475,56.54965892657829
724,4.494494494494495,39.27401049730918
725,4.514514514514515,83.47704989625018
726,4.534534534534535,68.21101108081847
727,4.554554554554555,65.81612799572052
728,4.574574574574575,82.28198335030169
729,4.594594594594595,68.0765793969752
730,4.614614614614615,58.48767910970764
731,4.634634634634635,73.67399638586392
732,4.654654654654655,72.22913200695662
733,4.674674674674675,69.2204271229902
734,4.694694694694695,43.11783470097532
735,4.714714714714715,33.98718934954917
736,4.734734734734735,52.21552713967774
737,4.754754754754755,39.34143218350546
738,4.774774774774775,71.96186752537784
739,4.794794794794795,54.31601309031784
740,4.814814814814815,60.547218143200816
741,4.834834834834835,80.37923853286262
742,4.854854854854855,53.37753657003995
743,4.874874874874875,79.85163708959541
744,4.894894894894895,64.1619158238117
745,4.914914914914915,82.81989089307673
746,4.934934934934935,81.35840172129528
747,4.954954954954955,75.69923740505783
748,4.974974974974975,46.9269242070041
749,4.994994994994995,47.57681778906485
750,5.015015015015015,87.5015123298081
751,5.035035035035035,76.67751641332475
752,5.055055055055055,65.48057929687714
753,5.075075075075075,67.09986658781351
754,5.095095095095095,53.26752711482643
755,5.115115115115115,77.59590080688237
756,5.135135135135135,45.762466128004206
757,5.155155155155155,80.4055796012065
758,5.175175175175175,42.62139316989496
759,5.195195195195195,54.854682259399794
760,5.215215215215215,56.63047954700883
761,5.235235235235235,82.81795025765624
762,5.255255255255255,81.25504892570376
763,5.275275275275275,73.88200968336953
764,5.295295295295295,54.4161638981093
765,5.315315315315315,74.38881628294638
766,5.335335335335335,67.33699804257812
767,5.355355355355355,89.78019288011457
768,5.375375375375375,87.14611145711802
769,5.395395395395395,79.4606213902854
770,5.415415415415415,57.916012692946055
771,5.435435435435435,79.07067055065141
772,5.455455455455455,46.23965052902399
773,5.475475475475475,85.07767227694234
774,5.495495495495495,66.61297188632321
775,5.515515515515515,67.2202203932043
776,5.535535535535535,59.94437789126327
777,5.555555555555555,54.06288381822765
778,5.575575575575575,92.26233576852806
779,5.595595595595595,67.72287220253334
780,5.615615615615615,74.21817420299881
781,5.635635635635635,66.12704211010613
782,5.655655655655655,56.16959079333851
783,5.675675675675675,83.99951421467516
784,5.6956956956956954,80.67828337928981
785,5.7157157157157155,71.1222778481387
786,5.7357357357357355,64.09763644971045
787,5.7557557557557555,78.79488885958203
788,5.7757757757757755,83.1509858303417
789,5.7957957957957955,73.49286529989098
790,5.8158158158158155,70.23481243889437
791,5.8358358358358355,62.56143323860125
792,5.8558558558558556,89.25745248175643
793,5.875875875875876,78.37982034982345
794,5.895895895895896,87.58169978100493
795,5.915915915915916,71.70826409327826
796,5.935935935935936,86.78926583665483
797,5.955955955955956,87.34348423534337
798,5.975975975975976,92.63245079163147
799,5.995995995995996,57.68665781450898
800,6.016016016016017,81.24675196189112
801,6.0360360360360374,68.30183620666499
802,6.0560560560560575,70.52103312228866
803,6.0760760760760775,74.56834291027228
804,6.0960960960960975,88.00881457042276
805,6.1161161161161175,89.5170670053969
806,6.1361361361361375,92.46434524731832
807,6.1561561561561575,94.24885304370245
808,6.1761761761761775,85.3578142236439
809,6.1961961961961975,72.58776577908576
810,6.216216216216218,73.30254825121386
811,6.236236236236238,80.70452101277428
812,6.256256256256258,84.70196290711615
813,6.276276276276278,71.52415058235773
814,6.296296296296298,66.59270307123842
815,6.316316316316318,80.60210901106973
816,6.336336336336338,50.009791733606434
817,6.356356356356358,96.01036378621033
818,6.376376376376378,111.04338733429049
819,6.396396396396398,64.91691804044983
820,6.416416416416418,67.97470995446005
821,6.436436436436438,79.36562970870116
822,6.456456456456458,77.96797639462099
823,6.476476476476478,83.04056980150749
824,6.496496496496498,87.83438595586895
825,6.516516516516518,76.59545166006154
826,6.536536536536538,59.09758381814147
827,6.556556556556558,46.376936360263095
828,6.576576576576578,51.373976564392834
829,6.596596596596598,81.89960258042352
830,6.616616616616618,82.61944400768
831,6.636636636636638,65.41811907027628
832,6.656656656656658,92.74567336030934
833,6.676676676676678,70.0639248851708
834,6.696696696696698,64.30253293218982
835,6.716716716716718,73.59899108777547
836,6.736736736736738,101.38422098299048
837,6.756756756756758,76.4522015218224
838,6.776776776776778,104.61921540658764
839,6.796796796796798,73.74793361096388
840,6.816816816816818,79.33986863037676
841,6.836836836836838,87.21501327413411
842,6.856856856856858,82.83887667395611
843,6.876876876876878,71.41804287422954
844,6.896896896896898,62.44965167830719
845,6.916916916916918,82.89437555329225
846,6.936936936936938,90.96657937364333
847,6.956956956956958,64.55763859561799
848,6.976976976976978,75.04488568875246
849,6.996996996996998,86.46333262416282
850,7.017017017017018,108.47506985710861
851,7.037037037037038,93.05023024650855
852,7.057057057057058,58.32809181654265
853,7.077077077077078,68.97470710003431
854,7.097097097097098,69.55680849663109
855,7.117117117117118,81.48766958131804
856,7.137137137137138,73.90180125412341
857,7.157157157157158,102.44201225417737
858,7.177177177177178,79.71654544342587
859,7.197197197197198,79.46053655834274
860,7.217217217217218,97.12264846449845
861,7.237237237237238,52.1486877402386
862,7.257257257257258,68.68482496765301
863,7.277277277277278,76.11043075009802
864,7.297297297297298,84.4657230721554
865,7.317317317317318,89.23285702844909
866,7.337337337337338,92.21771575717968
867,7.357357357357358,96.78946753809015
868,7.377377377377378,95.59361547527816
869,7.397397397397398,104.10427722771603
870,7.417417417417418,102.3473963593132
871,7.437437437437438,98.15908658537357
872,7.457457457457458,104.14976348169009
873,7.477477477477478,68.81510697137233
874,7.497497497497498,95.45555606297042
875,7.517517517517518,75.97589288328528
876,7.537537537537538,73.81493136546345
877,7.557557557557558,95.94213828190246
878,7.577577577577578,80.55437774307615
879,7.5975975975975985,88.90212306531338
880,7.6176176176176185,71.89186326511421
881,7.6376376376376385,75.87709561045001
882,7.6576576576576585,99.28805230874914
883,7.6776776776776785,92.46031987076167
884,7.6976976976976985,107.83711562385443
885,7.7177177177177185,64.94136038375541
886,7.7377377377377385,108.67161305693843
887,7.7577577577577586,113.2558754358281
888,7.777777777777779,102.78851834450393
889,7.797797797797799,82.15011375537675
890,7.817817817817819,113.9400418152001
891,7.837837837837839,56.754111842976535
892,7.857857857857859,89.89087471399161
893,7.877877877877879,78.17956022462482
894,7.897897897897899,89.87085803342248
895,7.917917917917919,112.89582809075476
896,7.937937937937939,86.26769517203476
897,7.957957957957959,111.36103892396235
898,7.977977977977979,89.75214022388683
899,7.997997997997999,118.46116805651485
900,8.018018018018019,78.5536168444209
901,8.038038038038039,88.60978407714826
902,8.058058058058059,82.3814457182628
903,8.078078078078079,86.31409376352381
904,8.098098098098099,105.41642755321318
905,8.118118118118119,121.00771268157519
906,8.138138138138139,117.65314147638381
907,8.158158158158159,127.53384538541033
908,8.178178178178179,113.57044092893084
909,8.198198198198199,98.32057174157285
910,8.218218218218219,94.73664971387687
911,8.238238238238239,112.29370615539428
912,8.258258258258259,82.68534900350471
913,8.278278278278279,102.12114818566889
914,8.298298298298299,102.02641944838338
915,8.318318318318319,109.78537009666329
916,8.338338338338339,103.99227259515051
917,8.358358358358359,114.42207526582916
918,8.378378378378379,101.18740556069764
919,8.398398398398399,88.09470528021562
920,8.418418418418419,89.64346725300338
921,8.438438438438439,98.92652688858473
922,8.458458458458459,103.31436067545245
923,8.478478478478479,102.33229620625157
924,8.498498498498499,97.56281309555233
925,8.518518518518519,129.4716656081386
926,8.538538538538539,100.96932196311005
927,8.558558558558559,114.55058854962442
928,8.578578578578579,86.998536566988
929,8.598598598598599,133.90875165417975
930,8.618618618618619,127.4134801831317
931,8.63863863863864,93.50798059096445
932,8.65865865865866,126.24456379905465
933,8.67867867867868,121.41510326570854
934,8.6986986986987,112.51177525781507
935,8.71871871871872,114.19702124122124
936,8.73873873873874,86.45064208144393
937,8.75875875875876,123.29279404321866
938,8.77877877877878,105.53519421119216
939,8.7987987987988,90.84083151377668
940,8.81881881881882,91.09227546207342
941,8.83883883883884,96.72494682347198
942,8.85885885885886,111.39320353359969
943,8.87887887887888,84.92005490275147
944,8.8988988988989,139.49379514427275
945,8.91891891891892,117.1549754641001
946,8.93893893893894,112.64484235869787
947,8.95895895895896,86.84987814020567
948,8.97897897897898,102.24693572871416
949,8.998998998999,111.40228564173785
950,9.01901901901902,108.41431541199195
951,9.03903903903904,96.6620133283145
952,9.05905905905906,100.9881398642021
953,9.07907907907908,99.95839177616512
954,9.0990990990991,102.86572244441346
955,9.11911911911912,105.11026732429336
956,9.13913913913914,104.36735759457159
957,9.15915915915916,110.60109714686084
958,9.17917917917918,120.26163563022652
959,9.1991991991992,119.94373512139002
960,9.21921921921922,128.0222631234185
961,9.23923923923924,109.25850151150802
962,9.25925925925926,95.17748839708501
963,9.27927927927928,135.65957450246245
964,9.2992992992993,98.74381700009225
965,9.31931931931932,111.74216404415394
966,9.33933933933934,106.12638630877088
967,9.35935935935936,109.77257514430971
968,9.37937937937938,92.49326956783769
969,9.3993993993994,96.39273289078204
970,9.41941941941942,121.17107334286186
971,9.43943943943944,120.16001951095961
972,9.45945945945946,90.61117982407464
973,9.47947947947948,105.25853477489567
974,9.4994994994995,94.48464101105995
975,9.51951951951952,125.08250246277647
976,9.53953953953954,94.70953029831149
977,9.55955955955956,100.75539177618504
978,9.57957957957958,132.87900282016668
979,9.5995995995996,98.60082840026728
980,9.61961961961962,126.11898309294972
981,9.63963963963964,114.89725391883273
982,9.65965965965966,138.1769740200292
983,9.67967967967968,103.01441141231437
984,9.6996996996997,113.46343936037772
985,9.71971971971972,109.63371081148887
986,9.73973973973974,106.96468877388062
987,9.75975975975976,103.05676118282152
988,9.77977977977978,146.82368401159178
989,9.7997997997998,126.37184742062131
990,9.81981981981982,108.14005759982031
991,9.83983983983984,94.66574014791473
992,9.85985985985986,100.58107501528494
993,9.87987987987988,136.94675315866886
994,9.8998998998999,98.12856669758195
995,9.91991991991992,130.35244067881
996,9.93993993993994,122.41811754221024
997,9.95995995995996,114.97221049916936
998,9.97997997997998,109.16369273363671
999,10.0,124.97351234947061
